PID,NAME,AGE,T,YR,TM,G,GS,W,L,WLP,CG,ShO,IP,H,R,ER,TBB,IBB,SO,ERA,GF,SV,HR,HB,BK,WP,SO/BB,H/9,SO/9,BB/9,HR/9,BR/9,RAA,WAA,WAAadj,WAR,RAR,waaWL%,162WL%
u0,"Uchrinscko, Jimmy",25,R,1926,WSH,3,0,0,0,,0,0,8,13,9,9,8,,0,10.13,2,0,0,0,0,0,0,14.6,0,9,0,23.63,-5,-0.4,0,-0.3,-4,0.359,0.497
u2,"Uehara, Koji",24,R,1999,None-min,25,25,20,4,0.833,12,0,197.2,153,49,46,24,3,179,2.09,0,0,12,4,0,3,7.46,7,8.2,1.1,0.5,8.26,,,,,,,
u2,"Uehara, Koji",25,R,2000,None-min,20,20,9,7,0.563,6,0,131,112,53,52,22,1,126,3.57,0,0,20,1,0,1,5.73,7.7,8.7,1.5,1.4,9.27,,,,,,,
u2,"Uehara, Koji",26,R,2001,None-min,24,22,10,7,0.588,4,0,138.2,133,66,62,28,3,108,4.02,0,0,18,5,0,2,3.86,8.6,7,1.8,1.2,10.81,,,,,,,
u2,"Uehara, Koji",27,R,2002,None-min,26,26,17,5,0.773,8,0,204,173,65,59,23,3,182,2.6,0,0,18,6,0,2,7.91,7.6,8,1,0.8,8.91,,,,,,,
u2,"Uehara, Koji",28,R,2003,None-min,27,27,16,5,0.762,11,0,207.1,190,76,73,23,3,194,3.17,0,0,28,5,0,0,8.43,8.2,8.4,1,1.2,9.47,,,,,,,
u2,"Uehara, Koji",29,R,2004,None-min,22,22,13,5,0.722,2,0,163,135,54,47,23,0,153,2.6,0,0,24,5,0,1,6.65,7.5,8.4,1.3,1.3,9,,,,,,,
u2,"Uehara, Koji",30,R,2005,None-min,27,27,9,12,0.429,6,0,187.1,164,73,69,22,0,145,3.31,0,0,24,0,1,0,6.59,7.9,7,1.1,1.2,8.95,,,,,,,
u2,"Uehara, Koji",31,R,2006,None-min,24,24,8,9,0.471,5,0,168.1,157,67,60,21,3,151,3.21,0,0,24,1,1,0,7.19,8.4,8.1,1.1,1.3,9.58,,,,,,,
u2,"Uehara, Koji",32,R,2007,None-min,55,0,4,3,0.571,0,32,62,47,12,12,4,1,66,1.74,,32,4,1,0,1,16.5,6.8,9.6,0.6,0.6,7.55,,,,,,,
u2,"Uehara, Koji",33,R,2008,None-min,26,12,6,5,0.545,2,1,89.2,90,43,38,16,1,72,3.81,,1,11,0,0,0,4.5,9,7.2,1.6,1.1,10.7,,,,,,,
u2,"Uehara, Koji",34,R,2009,BAL,12,12,2,4,0.333,0,0,66.2,71,33,30,12,1,48,4.05,0,0,7,0,0,0,4,9.6,6.5,1.6,0.9,11.28,7,0.7,-0.1,1.3,15,0.559,0.504
u2,"Uehara, Koji",35,R,2010,BAL-min,4,2,0,0,,0,0,4,3,0,0,1,0,2,0,0,0,0,0,0,0,2,6.8,4.5,2.2,0,9,,,,,,,
u2,"Uehara, Koji",35,R,2010,BAL,43,0,1,2,0.333,0,13,44,37,15,14,5,0,55,2.86,22,13,5,0,0,1,11,7.6,11.3,1,1,8.59,7,0.8,0.1,1.4,12,0.518,0.505
u2,"Uehara, Koji",36,R,2011,TEX,65,0,2,3,0.4,0,0,65,38,17,17,9,1,85,2.35,22,0,11,0,0,0,9.44,5.3,11.8,1.2,1.5,6.51,9,0.9,0,1.4,13,0.523,0.506
u2,"Uehara, Koji",37,R,2012,TEX-min,3,0,0,0,,0,0,3,3,0,0,0,0,4,0,0,0,0,0,0,0,,9,12,0,0,9,,,,,,,
u2,"Uehara, Koji",37,R,2012,TEX,37,0,0,0,,0,1,36,20,7,7,3,0,43,1.75,13,1,4,0,0,1,14.33,5,10.8,0.8,1,5.75,12,1.3,-0.2,1.5,15,0.534,0.508
u2,"Uehara, Koji",38,R,2013,BOS,73,0,4,1,0.8,0,21,74.1,33,10,9,9,2,101,1.09,40,21,5,1,0,1,11.22,4,12.2,1.1,0.6,5.22,22,2.4,0.4,3.6,30,0.533,0.515
u2,"Uehara, Koji",39,R,2014,BOS,64,0,6,5,0.545,0,26,64.1,51,18,18,8,0,80,2.52,50,26,10,1,0,1,10,7.1,11.2,1.1,1.4,8.42,8,0.9,0.2,1.7,15,0.514,0.505
u2,"Uehara, Koji",40,R,2015,BOS-min,1,0,0,0,,0,0,1,3,1,1,0,0,1,9,0,0,0,0,0,0,,27,9,0,0,27,,,,,,,
u2,"Uehara, Koji",40,R,2015,BOS,4,0,1,0,1,0,3,4,3,0,0,0,0,6,0,4,3,0,0,0,0,,6.8,13.5,0,0,6.75,2,0.2,0.1,0.4,2,0.55,0.501
u6,"Uhl, Bob",22,L,1936,CHW-min,33,,14,12,0.538,,,215,219,123,101,87,,,4.23,,,,,,,,9.2,,3.6,,,,,,,,,
u6,"Uhl, Bob",23,L,1937,CHW-min,48,11,12,15,0.444,,,254,220,120,87,115,,,3.08,,,,,,,,7.8,,4.1,,,,,,,,,
u6,"Uhl, Bob",24,L,1938,CHW-min,27,16,8,8,0.5,,,128,151,67,56,23,,,3.94,,,,,,,,10.6,,1.6,,,,,,,,,
u6,"Uhl, Bob",24,L,1938,CHW,1,0,0,0,,0,0,2,1,0,0,0,,0,0,1,0,0,0,0,0,,4.5,0,0,0,4.5,1,0.1,0,0.1,2,0.621,0.501
u6,"Uhl, Bob",25,L,1939,DAL-min,35,30,13,8,0.619,,,240,210,92,75,127,,,2.81,,,,,,,,7.9,,4.8,,,,,,,,,
u6,"Uhl, Bob",26,L,1940,DAL-min,41,,16,12,0.571,,,250,215,102,82,129,,,2.95,,,,,,,,7.7,,4.6,,,,,,,,,
u6,"Uhl, Bob",26,L,1940,DET,1,0,0,0,,0,0,0,4,5,4,2,,0,inf,0,0,0,0,0,1,0,,,,,,,,0,,,,
u6,"Uhl, Bob",27,L,1941,DET-min,36,,13,15,0.464,,,212,185,107,77,131,,,3.27,,,,,,,,7.9,,5.6,,,,,,,,,
u6,"Uhl, Bob",32,L,1946,DET-min,4,1,0,1,0,,,2,7,7,7,7,,,31.5,,,,,,,,31.5,,31.5,,,,,,,,,
u11,"Ujdur, Jerry",21,R,1978,DET-min,13,9,5,2,0.714,4,1,64,54,22,17,20,1,23,2.39,,1,1,1,0,2,1.15,7.6,3.2,2.8,0.1,10.55,,,,,,,
u11,"Ujdur, Jerry",22,R,1979,DET-min,19,3,2,5,0.286,0,5,37,48,27,23,16,2,30,5.59,,5,8,1,0,5,1.88,11.7,7.3,3.9,1.9,15.81,,,,,,,
u11,"Ujdur, Jerry",23,R,1980,DET-min,29,13,9,4,0.692,7,3,115,103,54,43,38,4,62,3.37,,3,8,1,2,7,1.63,8.1,4.9,3,0.6,11.11,,,,,,,
u11,"Ujdur, Jerry",23,R,1980,DET,9,2,1,0,1,0,0,21.1,36,20,18,10,2,8,7.59,2,0,5,1,0,0,0.8,15.2,3.4,4.2,2.1,20.05,-8,-0.8,0,-0.6,-6,0.41,0.495
u11,"Ujdur, Jerry",24,R,1981,DET-min,25,25,7,10,0.412,6,0,163,170,94,74,60,3,88,4.09,0,0,9,2,0,8,1.47,9.4,4.9,3.3,0.5,12.81,,,,,,,
u11,"Ujdur, Jerry",24,R,1981,DET,4,4,0,0,,0,0,14,19,12,10,5,0,5,6.43,0,0,2,0,1,0,1,12.2,3.2,3.2,1.3,15.43,-6,-0.6,0,-0.4,-5,0.357,0.496
u11,"Ujdur, Jerry",25,R,1982,DET-min,8,7,2,4,0.333,1,0,47.1,42,23,20,14,0,30,3.8,1,0,5,0,0,5,2.14,8,5.7,2.7,1,10.7,,,,,,,
u11,"Ujdur, Jerry",25,R,1982,DET,25,25,10,10,0.5,7,0,178,150,76,73,69,4,86,3.69,0,0,29,3,1,5,1.25,7.6,4.3,3.5,1.5,11.22,7,0.7,-0.1,2.3,22,0.528,0.504
u11,"Ujdur, Jerry",26,R,1983,DET-min,18,18,3,7,0.3,3,0,106.2,122,87,74,59,1,46,6.24,0,0,12,3,0,1,0.78,10.3,3.9,5,1,15.59,,,,,,,
u11,"Ujdur, Jerry",26,R,1983,DET,11,6,0,4,0,0,0,34,41,33,27,20,1,13,7.15,4,0,6,1,0,2,0.65,10.9,3.4,5.3,1.6,16.41,-18,-1.6,0.1,-1.2,-15,0.352,0.49
u11,"Ujdur, Jerry",27,R,1984,CLE-min,26,26,14,8,0.636,7,0,166,171,82,68,60,0,77,3.69,0,0,11,4,2,4,1.28,9.3,4.2,3.3,0.6,12.74,,,,,,,
u11,"Ujdur, Jerry",27,R,1984,CLE,4,3,1,2,0.333,0,0,14.1,22,14,11,6,0,6,6.91,0,0,1,2,0,1,1,13.8,3.8,3.8,0.6,19.15,-7,-0.6,-0.1,-0.6,-5,0.347,0.496
u14,"Ullrich, Sandy",22,R,1944,WSH-min,12,11,5,6,0.455,,,85,98,43,33,27,,,3.49,,,,,,,,10.4,,2.9,,,,,,,,,
u14,"Ullrich, Sandy",22,R,1944,WSH,3,0,0,0,,0,0,9.2,17,10,10,4,,2,9.31,3,0,2,1,0,0,0.5,15.8,1.9,3.7,1.9,21.52,-5,-0.5,0,-0.4,-4,0.338,0.497
u14,"Ullrich, Sandy",23,R,1945,WSH,28,6,3,3,0.5,0,1,81.1,91,45,41,34,,26,4.54,15,1,3,0,0,2,0.76,10.1,2.9,3.8,0.3,13.87,-11,-1.3,-0.1,-0.7,-6,0.455,0.492
u14,"Ullrich, Sandy",28,R,1950,WSH-min,38,,17,10,0.63,,,227,202,65,58,39,,,2.3,,,3,,,,,8,,1.5,0.1,,,,,,,,
u14,"Ullrich, Sandy",29,R,1951,WSH-min,29,,16,10,0.615,,,224,196,65,56,54,,,2.25,,,4,,,,,7.9,,2.2,0.2,,,,,,,,
u14,"Ullrich, Sandy",30,R,1952,WSH-min,20,13,8,5,0.615,,,120,90,22,18,27,,,1.35,,,,,,,,6.8,,2,,,,,,,,,
u14,"Ullrich, Sandy",32,R,1954,TAM-min,2,,0,1,0,,,,,,,,,,,,,,,,,,,,,,,,,,,,,
u15,"Ulrich, Dutch",22,R,1922,MOL-min,14,,6,5,0.545,,,86,96,43,40,30,,,4.19,,,,,,,,10,,3.1,,,,,,,,,
u15,"Ulrich, Dutch",23,R,1923,QUE-min,1,,,,,,,,,,,,,,,,,,,,,,,,,,,,,,,,,
u15,"Ulrich, Dutch",24,R,1924,WBY-min,35,,17,13,0.567,,,276,269,116,88,63,,,2.87,,,,,,,,8.8,,2.1,,,,,,,,,
u15,"Ulrich, Dutch",25,R,1925,WBY-min,9,,6,1,0.857,,,63,40,10,7,16,,,1,,,,,,,,5.7,,2.3,,,,,,,,,
u15,"Ulrich, Dutch",25,R,1925,PHI,21,4,3,3,0.5,2,0,65,73,30,22,12,,29,3.05,8,0,6,1,0,1,2.42,10.1,4,1.7,0.8,11.91,15,1.5,0,2,22,0.572,0.509
u15,"Ulrich, Dutch",26,R,1926,PHI,45,17,8,13,0.381,8,1,147.2,178,85,67,37,,52,4.08,11,1,9,1,1,2,1.41,10.8,3.2,2.3,0.5,13.21,7,0.8,-0.1,2,20,0.517,0.505
u15,"Ulrich, Dutch",27,R,1927,PHI,32,18,8,11,0.421,14,1,193.1,201,82,68,40,,42,3.17,10,1,6,0,0,0,1.05,9.4,2,1.9,0.3,11.23,27,2.9,-0.1,4.4,42,0.591,0.518
u17,"Umbach, Arnold",18,R,1961,MLN-min,13,11,3,7,0.3,3,,79,85,57,49,47,,52,5.58,,,9,4,1,6,1.11,9.7,5.9,5.4,1,15.49,,,,,,,
u17,"Umbach, Arnold",19,R,1962,MLN-min,25,25,8,9,0.471,8,,147,165,81,57,66,1,121,3.49,,,5,7,0,9,1.83,10.1,7.4,4,0.3,14.57,,,,,,,
u17,"Umbach, Arnold",20,R,1963,MLN-min,21,12,3,7,0.3,3,,84,97,48,40,41,3,36,4.29,,,3,3,0,3,0.88,10.4,3.9,4.4,0.3,15.11,,,,,,,
u17,"Umbach, Arnold",21,R,1964,MLN-min,33,30,8,15,0.348,6,,176,186,109,81,90,0,128,4.14,,,9,6,0,10,1.42,9.5,6.5,4.6,0.5,14.42,,,,,,,
u17,"Umbach, Arnold",21,R,1964,MLN,1,1,1,0,1,0,0,8.1,11,5,3,4,0,7,3.24,0,0,0,0,0,0,1.75,11.9,7.6,4.3,0,16.67,-1,-0.1,0,0,0,0.387,0.499
u17,"Umbach, Arnold",22,R,1965,MLN-min,31,26,13,10,0.565,6,,168,157,81,67,69,2,80,3.59,,,12,5,0,7,1.16,8.4,4.3,3.7,0.6,12.38,,,,,,,
u17,"Umbach, Arnold",23,R,1966,ATL-min,7,6,1,2,0.333,0,,21,24,18,14,17,3,14,6,,,5,1,0,2,0.82,10.3,6,7.3,2.1,18,,,,,,,
u17,"Umbach, Arnold",23,R,1966,ATL,22,3,0,2,0,0,0,40.2,40,15,14,18,3,23,3.1,9,0,1,2,0,3,1.28,8.9,5.1,4,0.2,13.43,3,0.3,-0.1,0.6,7,0.515,0.502
u17,"Umbach, Arnold",24,R,1967,HOU-min,33,28,8,10,0.444,4,,161,185,95,81,88,4,78,4.53,,,11,3,0,8,0.89,10.3,4.4,4.9,0.6,15.43,,,,,,,
u17,"Umbach, Arnold",25,R,1968,HOU-min,2,0,0,0,,0,,2,4,2,2,0,0,0,9,,,0,0,0,0,,18,0,0,0,18,,,,,,,
u18,"Umbarger, Jim",21,L,1974,TEX-min,14,13,7,4,0.636,7,0,97,74,24,18,27,1,74,1.67,,0,4,0,1,3,2.74,6.9,6.9,2.5,0.4,9.37,,,,,,,
u18,"Umbarger, Jim",22,L,1975,TEX,56,12,8,7,0.533,3,2,131,134,63,60,59,9,50,4.12,11,2,11,2,4,1,0.85,9.2,3.4,4.1,0.8,13.4,-1,-0.2,-0.2,1,11,0.497,0.499
u18,"Umbarger, Jim",23,L,1976,TEX,30,30,10,12,0.455,10,0,197.1,208,86,69,54,4,105,3.15,0,0,12,2,3,3,1.94,9.5,4.8,2.5,0.5,12.05,8,0.9,-0.1,2.7,25,0.53,0.506
u18,"Umbarger, Jim",24,L,1977,OAK-min,13,10,3,5,0.375,1,0,56,90,62,48,32,4,21,7.71,,0,6,3,0,2,0.66,14.5,3.4,5.1,1,20.09,,,,,,,
u18,"Umbarger, Jim",24,L,1977,TEX,15,10,2,6,0.25,1,0,57,76,48,40,32,2,29,6.32,1,0,5,4,0,5,0.91,12,4.6,5.1,0.8,17.68,-14,-1.2,0.1,-0.8,-10,0.389,0.493
u18,"Umbarger, Jim",25,L,1978,TEX,32,9,5,8,0.385,1,1,97.2,116,58,53,36,4,60,4.88,11,1,9,2,0,2,1.67,10.7,5.5,3.3,0.8,14.26,-14,-1.4,-0.2,-0.7,-5,0.455,0.491
u18,"Umbarger, Jim",26,L,1979,TEX-min,26,20,6,10,0.375,0,1,133,166,85,80,69,2,73,5.41,,1,6,5,1,4,1.06,11.2,4.9,4.7,0.4,16.24,,,,,,,
u18,"Umbarger, Jim",27,L,1980,TEX-min,24,1,4,1,0.8,0,9,38,31,13,10,13,1,35,2.37,,9,3,0,1,0,2.69,7.3,8.3,3.1,0.7,10.42,,,,,,,
u18,"Umbarger, Jim",28,L,1981,BAL-min,41,15,6,9,0.4,3,2,157,179,85,73,65,2,59,4.18,9,2,7,6,2,10,0.91,10.3,3.4,3.7,0.4,14.33,,,,,,,
u18,"Umbarger, Jim",30,L,1983,CHW-PIT-min,26,9,5,4,0.556,4,0,83,72,41,35,54,2,70,3.8,5,0,9,2,1,5,1.3,7.8,7.6,5.9,1,13.88,,,,,,,
u19,"Umbricht, Jim",22,R,1953,WAY-min,10,8,4,3,0.571,,,69,65,27,22,41,,,2.87,,,2,,,,,8.5,,5.3,0.3,,,,,,,,
u19,"Umbricht, Jim",25,R,1956,BTR-min,32,29,15,15,0.5,,,235,225,106,88,94,,,3.37,,,9,,,,,8.6,,3.6,0.3,,,,,,,,
u19,"Umbricht, Jim",26,R,1957,MLN-min,29,23,13,8,0.619,,,178,176,87,64,82,,,3.24,,,10,,,,,8.9,,4.1,0.5,,,,,,,,
u19,"Umbricht, Jim",27,R,1958,MLN-min,54,12,6,10,0.375,3,,173,145,85,78,81,10,116,4.06,,,18,4,0,1,1.43,7.5,6,4.2,0.9,11.97,,,,,,,
u19,"Umbricht, Jim",28,R,1959,PIT-min,47,5,14,8,0.636,4,,136,115,52,42,43,,119,2.78,,,8,2,2,7,2.77,7.6,7.9,2.8,0.5,10.59,,,,,,,
u19,"Umbricht, Jim",28,R,1959,PIT,1,1,0,0,,0,0,7,7,5,5,4,0,3,6.43,0,0,3,0,0,0,0.75,9,3.9,5.1,3.9,14.14,-1,-0.1,0,0,0,0.398,0.499
u19,"Umbricht, Jim",29,R,1960,PIT-min,19,16,8,5,0.615,8,,126,103,39,35,43,2,97,2.5,,,11,0,1,1,2.26,7.4,6.9,3.1,0.8,10.43,,,,,,,
u19,"Umbricht, Jim",29,R,1960,PIT,17,3,1,2,0.333,0,1,40.2,40,23,23,27,1,26,5.09,5,1,5,0,0,3,0.96,8.9,5.8,6,1.1,15,-6,-0.6,0,-0.2,-2,0.463,0.496
u19,"Umbricht, Jim",30,R,1961,PIT-min,22,21,9,6,0.6,7,,142,134,47,37,46,4,105,2.35,,,9,3,0,4,2.28,8.5,6.7,2.9,0.6,11.6,,,,,,,
u19,"Umbricht, Jim",30,R,1961,PIT,1,0,0,0,,0,0,3.1,5,2,1,2,1,1,2.7,0,0,0,0,0,1,0.5,13.5,2.7,5.4,0,20.32,0,0,0,0,0,0.456,0.5
u19,"Umbricht, Jim",31,R,1962,HOU-min,23,4,3,4,0.429,1,,61,49,23,23,25,3,58,3.39,,,2,0,0,2,2.32,7.2,8.6,3.7,0.3,10.92,,,,,,,
u19,"Umbricht, Jim",31,R,1962,HOU,34,0,4,0,1,0,2,67,51,19,15,17,1,55,2.01,21,2,3,2,0,3,3.24,6.9,7.4,2.3,0.4,9.4,16,1.7,0,2.4,23,0.549,0.51
u19,"Umbricht, Jim",32,R,1963,HOU,35,3,4,3,0.571,0,0,76,52,23,22,21,2,48,2.61,12,0,6,1,1,2,2.29,6.2,5.7,2.5,0.7,8.76,12,1.4,-0.2,2,19,0.541,0.509
u21,"Underhill, Willie",22,R,1927,TYL-min,28,,13,6,0.684,,,203,188,83,,60,,,,,,,,,,,8.3,,2.7,,,,,,,,,
u21,"Underhill, Willie",22,R,1927,CLE,4,1,0,2,0,0,0,8.1,12,11,9,11,,4,9.72,3,0,0,0,0,1,0.36,13,4.3,11.9,0,25.56,-6,-0.5,0,-0.4,-5,0.367,0.497
u21,"Underhill, Willie",23,R,1928,NOR-min,31,,7,6,0.538,,,148,153,69,55,59,,,3.34,,,,,,,,9.3,,3.6,,,,,,,,,
u21,"Underhill, Willie",23,R,1928,CLE,11,3,1,2,0.333,1,0,28,33,23,14,20,,16,4.5,7,0,0,1,0,2,0.8,10.6,5.1,6.4,0,17.36,-7,-0.7,0,-0.4,-4,0.44,0.496
u21,"Underhill, Willie",24,R,1929,None-min,27,,10,9,0.526,,,161,160,85,72,86,,,4.02,,,,,,,,8.9,,4.8,,,,,,,,,
u21,"Underhill, Willie",25,R,1930,SHV-min,36,,11,6,0.647,,,199,207,122,104,125,,,4.7,,,,,,,,9.4,,5.7,,,,,,,,,
u21,"Underhill, Willie",26,R,1931,None-min,43,18,5,12,0.294,,,141,164,99,89,73,,,5.68,,,,,,,,10.5,,4.7,,,,,,,,,
u22,"Underwood, Fred",21,R,1890,WSH-min,18,16,6,11,0.353,14,,,173,157,53,58,,47,,,,,7,,7,0.81,,,,,,,,,,,,
u22,"Underwood, Fred",22,R,1891,None-min,34,30,15,17,0.469,27,,245,201,156,29,157,,73,1.07,,,,1,,1,0.46,7.4,2.7,5.8,,13.19,,,,,,,
u22,"Underwood, Fred",23,R,1892,RFD-min,23,,12,11,0.522,,,207,185,144,49,83,,105,2.13,,,,,,,1.27,8,4.6,3.6,,,,,,,,,
u22,"Underwood, Fred",24,R,1893,BIR-min,28,23,8,16,0.333,22,,,,,,,,,,,,,,,,,,,,,,,,,,,,
u22,"Underwood, Fred",25,R,1894,MOB-min,21,20,12,7,0.632,16,,,,,,,,,,,,,,,,,,,,,,,,,,,,
u22,"Underwood, Fred",25,R,1894,BRO,7,6,2,4,0.333,5,0,47,80,62,41,30,,10,7.85,1,0,1,2,0,1,0.33,15.3,1.9,5.7,0.2,21.45,-25,-1.5,0,-1,-19,0.293,0.491
u22,"Underwood, Fred",26,R,1895,RFD-min,50,45,29,16,0.644,44,,,,,,,,,,,,,,,,,,,,,,,,,,,,
u22,"Underwood, Fred",28,R,1897,RFD-min,47,41,21,23,0.477,34,,,,,,,,,,,,,22,,10,,,,,,,,,,,,,
u22,"Underwood, Fred",29,R,1898,None-min,8,7,1,5,0.167,6,,54,67,59,,20,,19,,,,,0,,0,0.95,11.2,3.2,3.3,,14.5,,,,,,,
u22,"Underwood, Fred",30,R,1899,RFD-min,13,12,11,2,0.846,12,,,,,,,,,,,,,,,,,,,,,,,,,,,,
u22,"Underwood, Fred",31,R,1900,STJ-min,25,25,12,10,0.545,18,,207,236,164,,72,,57,,,,,,,,0.79,10.3,2.5,3.1,,,,,,,,,
u23,"Underwood, Pat",19,L,1976,DET-min,12,12,6,2,0.75,5,0,77,63,26,19,32,0,45,2.22,,0,0,0,0,2,1.41,7.4,5.3,3.7,0,11.1,,,,,,,
u23,"Underwood, Pat",20,L,1977,DET-min,30,23,12,7,0.632,6,0,154,139,85,68,59,2,101,3.97,,0,10,5,3,14,1.71,8.1,5.9,3.4,0.6,11.86,,,,,,,
u23,"Underwood, Pat",21,L,1978,DET-min,20,18,5,5,0.5,2,0,104,116,57,48,31,3,73,4.15,,0,6,1,0,4,2.35,10,6.3,2.7,0.5,12.81,,,,,,,
u23,"Underwood, Pat",22,L,1979,DET-min,7,7,2,3,0.4,2,0,48,41,20,15,17,1,35,2.81,,0,2,0,0,3,2.06,7.7,6.6,3.2,0.4,10.88,,,,,,,
u23,"Underwood, Pat",22,L,1979,DET,27,15,6,4,0.6,1,0,121.2,126,64,62,29,1,83,4.59,4,0,17,2,0,3,2.86,9.3,6.1,2.1,1.3,11.66,1,0.1,-0.1,1.2,13,0.502,0.5
u23,"Underwood, Pat",23,L,1980,DET,49,7,3,6,0.333,0,5,112.2,121,51,45,35,7,60,3.59,24,5,12,2,0,2,1.71,9.7,4.8,2.8,1,12.67,6,0.6,-0.1,1.6,17,0.512,0.504
u23,"Underwood, Pat",24,L,1981,DET-min,26,26,9,8,0.529,6,0,165,158,86,73,44,3,90,3.98,0,0,19,3,2,5,2.05,8.6,4.9,2.4,1,11.18,,,,,,,
u23,"Underwood, Pat",25,L,1982,DET,33,12,4,8,0.333,2,3,99,108,66,52,22,2,43,4.73,6,3,17,0,0,5,1.95,9.8,3.9,2,1.5,11.82,-22,-2.2,-0.3,-1.6,-13,0.435,0.487
u23,"Underwood, Pat",26,L,1983,CIN-DET-min,20,14,7,4,0.636,3,0,94.2,96,48,43,27,1,51,4.09,1,0,10,0,0,6,1.89,9.1,4.8,2.6,1,11.75,,,,,,,
u23,"Underwood, Pat",26,L,1983,DET,4,0,0,0,,0,0,10.1,11,10,10,6,0,2,8.71,2,0,1,0,0,1,0.33,9.6,1.7,5.2,0.9,15.15,-6,-0.6,0.2,-0.2,-5,0.359,0.497
u23,"Underwood, Pat",27,L,1984,BAL-min,3,0,0,2,0,0,0,4,10,9,4,3,1,1,9,1,0,0,0,0,1,0.33,22.5,2.2,6.8,0,29.25,,,,,,,
u24,"Underwood, Tom",19,L,1973,PHI-min,26,26,13,6,0.684,10,0,193,137,66,45,79,2,187,2.1,,0,4,6,0,18,2.37,6.4,8.7,3.7,0.2,10.35,,,,,,,
u24,"Underwood, Tom",20,L,1974,PHI-min,26,24,14,6,0.7,11,0,174,142,69,50,73,1,168,2.59,,0,5,2,2,8,2.3,7.3,8.7,3.8,0.3,11.22,,,,,,,
u24,"Underwood, Tom",20,L,1974,PHI,7,0,1,0,1,0,0,13,15,8,7,5,1,8,4.85,3,0,1,0,1,1,1.6,10.4,5.5,3.5,0.7,13.85,-3,-0.3,0,-0.1,-2,0.458,0.498
u24,"Underwood, Tom",21,L,1975,PHI,35,35,14,13,0.519,7,0,219.1,221,110,101,84,5,123,4.14,0,0,12,6,4,9,1.46,9.1,5,3.4,0.5,12.77,-11,-1.2,-0.1,0.6,9,0.466,0.493
u24,"Underwood, Tom",22,L,1976,PHI,33,25,10,5,0.667,3,2,155.2,154,63,61,63,0,94,3.53,2,2,9,1,2,6,1.49,8.9,5.4,3.6,0.5,12.64,3,0.3,-0.1,1.6,17,0.51,0.502
u24,"Underwood, Tom",23,L,1977,STL,33,17,9,11,0.45,1,1,133.1,148,82,74,75,6,86,5,7,1,9,1,0,7,1.15,10,5.8,5.1,0.6,15.15,-12,-1.2,-0.3,-0.8,-5,0.43,0.493
u24,"Underwood, Tom",24,L,1978,TOR,31,30,6,14,0.3,7,0,197.2,201,105,90,87,4,139,4.1,0,0,23,2,0,7,1.6,9.2,6.3,4,1,13.24,-1,-0.2,-0.1,1.7,17,0.495,0.499
u24,"Underwood, Tom",25,L,1979,TOR,33,32,9,16,0.36,12,0,227,213,113,93,95,3,127,3.69,0,0,23,9,0,11,1.34,8.4,5,3.8,0.9,12.57,13,1.3,-0.1,3.5,36,0.541,0.508
u24,"Underwood, Tom",26,L,1980,NYY,38,27,13,9,0.591,2,2,187,163,85,76,66,4,116,3.66,5,2,15,4,0,2,1.76,7.8,5.6,3.2,0.7,11.21,7,0.7,-0.1,2.4,25,0.52,0.505
u24,"Underwood, Tom",27,L,1981,OAK,25,11,4,6,0.4,1,1,83.2,69,38,34,38,2,75,3.66,6,1,6,2,4,2,1.97,7.4,8.1,4.1,0.6,11.79,-4,-0.4,-0.1,-0.1,0,0.468,0.497
u24,"Underwood, Tom",28,L,1982,OAK,56,10,10,6,0.625,2,7,153,136,66,56,68,4,79,3.29,20,7,11,1,0,6,1.16,8,4.6,4,0.6,12.06,6,0.6,-0.1,2,19,0.51,0.504
u24,"Underwood, Tom",29,L,1983,OAK,51,15,9,7,0.563,0,4,144.2,156,69,65,50,4,62,4.04,15,4,13,2,0,7,1.24,9.7,3.9,3.1,0.8,12.98,-2,-0.3,-0.2,0.9,11,0.495,0.498
u24,"Underwood, Tom",30,L,1984,BAL,37,1,1,0,1,0,1,71.2,78,33,28,31,5,39,3.52,10,1,8,0,1,4,1.26,9.8,4.9,3.9,1,13.78,-4,-0.4,-0.1,0.2,3,0.49,0.498
u24,"Underwood, Tom",31,L,1985,NYY-min,28,4,1,3,0.25,0,2,38.1,45,34,22,24,1,26,5.17,10,2,2,3,0,2,1.08,10.6,6.1,5.6,0.5,17.01,,,,,,,
u29,"Upchurch, Woody",21,L,1932,DHM-min,8,,1,5,0.167,,,49,62,43,31,28,,,5.69,,,,,,,,11.4,,5.1,,,,,,,,,
u29,"Upchurch, Woody",22,L,1933,NYY-min,7,,1,1,0.5,,,37,,,,,,,,,,,,,,,,,,,,,,,,,,
u29,"Upchurch, Woody",24,L,1935,PHA,3,3,0,2,0,1,0,21.1,23,13,12,12,,2,5.06,0,0,3,0,0,0,0.17,9.7,0.8,5.1,1.3,14.93,0,0,0,0.2,2,0.494,0.5
u29,"Upchurch, Woody",25,L,1936,PHA,7,2,0,2,0,1,0,22.1,36,27,24,14,,6,9.67,4,0,7,0,0,1,0.43,14.5,2.4,5.6,2.8,20.36,-11,-0.9,0,-0.7,-8,0.375,0.495
u30,"Upham, Bill",21,R,1909,AKR-min,26,,16,7,0.696,,,,,,,,,,,,,,,,,,,,,,,,,,,,,
u30,"Upham, Bill",22,R,1910,BPT-min,22,,7,9,0.438,,,,140,71,,25,,,,,,,,,,,,,,,,,,,,,,
u30,"Upham, Bill",23,R,1911,BPT-min,35,,19,9,0.679,,,282,201,85,,56,,,,,,,,,,,6.4,,1.8,,,,,,,,,
u30,"Upham, Bill",24,R,1912,BKT-min,18,,14,8,0.636,,,,,,,,,,,,,,,,,,,,,,,,,,,,,
u30,"Upham, Bill",25,R,1913,BNG-min,22,,,,,,,,147,57,,28,,,,,,,,,,,,,,,,,,,,,,
u30,"Upham, Bill",26,R,1914,ROC-min,51,,21,12,0.636,,,237,223,86,,52,,,,,,,,,,,8.5,,2,,,,,,,,,
u30,"Upham, Bill",27,R,1915,BTT,33,11,7,8,0.467,4,4,121,129,61,45,40,,46,3.35,16,4,0,0,0,1,1.15,9.6,3.4,3,0,12.57,-8,-0.9,-0.1,-0.4,-4,0.472,0.494
u30,"Upham, Bill",28,R,1916,STP-min,50,,14,16,0.467,,,263,269,,,59,,,,,,,,,,,9.2,,2,,,,,,,,,
u30,"Upham, Bill",29,R,1917,STP-min,21,,7,4,0.636,,,121,102,47,32,31,,,2.38,,,,,,,,7.6,,2.3,,,,,,,,,
u30,"Upham, Bill",30,R,1918,BSN,3,2,1,1,0.5,2,0,20.2,28,14,12,1,,8,5.23,1,0,2,0,0,0,8,12.2,3.5,0.4,0.9,12.92,-5,-0.5,0,-0.4,-4,0.319,0.497
u32,"Upp, Jerry",22,L,1906,LCS-min,42,,19,15,0.559,,,,,,,,,,,,,,,,,,,,,,,,,,,,,
u32,"Upp, Jerry",23,L,1907,CLB-min,41,,27,10,0.73,,,327,253,99,,70,,,,,,,,,,,7,,1.9,,,,,,,,,
u32,"Upp, Jerry",25,L,1909,CLB-min,20,,5,9,0.357,,,118,110,68,,41,,37,,,,,4,,2,0.9,8.4,2.8,3.1,,11.82,,,,,,,
u32,"Upp, Jerry",25,L,1909,CLE,7,4,2,1,0.667,2,0,26.2,26,10,5,12,,13,1.69,3,0,0,0,0,0,1.08,8.8,4.4,4.1,0,13.05,0,0.1,0,0.3,2,0.509,0.5
u32,"Upp, Jerry",26,L,1910,None-min,24,,11,10,0.524,,,,,,,,,,,,,,,,,,,,,,,,,,,,,
u34,"Upshaw, Cecil",21,R,1964,MLN-min,2,0,1,0,1,0,,8,7,1,1,1,0,5,1.12,,,0,0,0,0,5,7.9,5.6,1.1,0,9,,,,,,,
u34,"Upshaw, Cecil",22,R,1965,CIN-MLN-min,45,17,8,11,0.421,5,,193,167,71,56,43,5,106,2.61,,,5,6,3,11,2.47,7.8,4.9,2,0.2,10.07,,,,,,,
u34,"Upshaw, Cecil",23,R,1966,ATL-KCA-min,47,21,10,11,0.476,4,,202,177,77,63,62,8,151,2.81,,,10,9,3,8,2.44,7.9,6.7,2.8,0.4,11.05,,,,,,,
u34,"Upshaw, Cecil",23,R,1966,ATL,1,0,0,0,,0,0,3,0,0,0,3,0,2,0,0,0,0,0,0,1,0.67,0,6,9,0,9,1,0.2,-0.1,0.1,2,0.683,0.501
u34,"Upshaw, Cecil",24,R,1967,ATL-min,25,1,2,2,0.5,0,,50,36,18,12,15,4,47,2.16,,,0,2,1,6,3.13,6.5,8.5,2.7,0,9.54,,,,,,,
u34,"Upshaw, Cecil",24,R,1967,ATL,30,0,2,3,0.4,0,9,45.1,42,14,13,8,4,31,2.58,20,9,4,4,0,1,3.88,8.3,6.2,1.6,0.8,10.78,6,0.7,0.1,1.2,10,0.522,0.504
u34,"Upshaw, Cecil",25,R,1968,ATL,52,0,8,7,0.533,0,13,116.2,98,41,32,24,7,74,2.47,35,13,6,4,0,2,3.08,7.6,5.7,1.9,0.5,9.76,0,0,-0.2,0.9,10,0.5,0.5
u34,"Upshaw, Cecil",26,R,1969,ATL,62,0,6,4,0.6,0,27,105.1,102,36,34,29,6,57,2.91,47,27,7,1,0,5,1.97,8.7,4.9,2.5,0.6,11.3,4,0.4,0,1.5,14,0.507,0.503
u34,"Upshaw, Cecil",28,R,1971,ATL,49,0,11,6,0.647,0,17,82,95,33,32,28,12,56,3.51,41,17,5,2,1,2,2,10.4,6.1,3.1,0.5,13.72,6,0.7,0.2,1.7,14,0.514,0.504
u34,"Upshaw, Cecil",29,R,1972,ATL,42,0,3,5,0.375,0,13,53.2,50,22,22,19,9,23,3.69,29,13,5,1,0,2,1.21,8.4,3.9,3.2,0.8,11.84,4,0.4,0,1,9,0.511,0.503
u34,"Upshaw, Cecil",30,R,1973,HOU,40,0,2,4,0.333,0,1,42,46,26,23,17,5,24,4.93,21,1,3,1,0,3,1.41,9.9,5.1,3.6,0.6,13.71,-4,-0.4,0,-0.1,0,0.481,0.498
u34,"Upshaw, Cecil",31,R,1974,NYY,43,0,1,6,0.143,0,6,67.2,63,29,23,28,4,34,3.06,22,6,2,3,0,0,1.21,8.4,4.5,3.7,0.3,12.59,-1,-0.1,-0.2,0.3,3,0.496,0.499
u34,"Upshaw, Cecil",32,R,1975,CHW,29,0,1,1,0.5,0,1,47.1,49,19,17,21,3,22,3.23,15,1,5,4,0,2,1.05,9.3,4.2,4,1,14.14,4,0.4,-0.1,0.8,9,0.516,0.503
u36,"Upton, Bill",19,R,1948,SLB-CLE-min,34,19,9,14,0.391,,,170,210,141,96,93,,,5.08,,,,,,,,11.1,,4.9,,,,,,,,,
u36,"Upton, Bill",20,R,1949,CLE-min,29,,13,6,0.684,,,186,174,94,71,91,,,3.44,,,,,,,,8.4,,4.4,,,,,,,,,
u36,"Upton, Bill",23,R,1952,CLE-min,38,25,21,9,0.7,,,225.1,215,107,97,83,,,3.87,,,,,,,,8.6,,3.3,,,,,,,,,
u36,"Upton, Bill",24,R,1953,CLE-min,36,2,10,6,0.625,1,,92,86,39,33,32,,42,3.23,,,13,3,0,0,1.31,8.4,4.1,3.1,1.3,11.84,,,,,,,
u36,"Upton, Bill",25,R,1954,PHA-CIN-min,32,1,2,7,0.222,0,,11.1,11,6,5,7,,7,3.97,,,0,0,0,0,1,8.7,5.6,5.6,0,14.59,,,,,,,
u36,"Upton, Bill",25,R,1954,PHA,2,0,0,0,,0,1,5,6,1,1,1,,2,1.8,2,1,1,0,0,2,2,10.8,3.6,1.8,1.8,12.6,2,0.2,0,0.2,2,0.61,0.501
u36,"Upton, Bill",26,R,1955,CIN-min,49,5,11,4,0.733,,,110,97,42,28,34,,,2.29,,,4,,,,,7.9,,2.8,0.3,,,,,,,,
u36,"Upton, Bill",27,R,1956,CIN-min,16,6,3,2,0.6,,,62,66,19,23,20,,,3.34,,,2,,,,,9.6,,2.9,0.3,,,,,,,,
u36,"Upton, Bill",28,R,1957,CIN-MLN-min,8,,1,1,0.5,,,,,,,,,,,,,,,,,,,,,,,,,,,,,
u40,"Urban, Jack",20,R,1949,NYY-min,32,,7,12,0.368,,,170,189,119,79,86,,,4.18,,,,,,,,10,,4.6,,,,,,,,,
u40,"Urban, Jack",21,R,1950,NYY-min,37,27,23,5,0.821,,,247,160,88,59,158,,,2.15,,,9,,,,,5.8,,5.8,0.3,,,,,,,,
u40,"Urban, Jack",22,R,1951,NYY-min,29,,17,8,0.68,,,191,141,97,77,152,,,3.63,,,10,,,,,6.6,,7.2,0.5,,,,,,,,
u40,"Urban, Jack",25,R,1954,NYY-min,36,30,13,11,0.542,,,211,225,133,116,105,,,4.95,,,15,,,,,9.6,,4.5,0.6,,,,,,,,
u40,"Urban, Jack",26,R,1955,NYY-min,34,18,8,5,0.615,4,,160,175,94,78,85,4,90,4.39,,,20,3,0,7,1.06,9.8,5.1,4.8,1.1,14.79,,,,,,,
u40,"Urban, Jack",27,R,1956,NYY-min,30,24,11,8,0.579,8,,164,184,104,96,80,4,92,5.27,,,15,8,0,8,1.15,10.1,5,4.4,0.8,14.93,,,,,,,
u40,"Urban, Jack",28,R,1957,NYY-min,7,7,3,2,0.6,4,,49,52,24,22,15,2,28,4.04,,,8,2,0,0,1.87,9.6,5.1,2.8,1.5,12.67,,,,,,,
u40,"Urban, Jack",28,R,1957,KCA,31,13,7,4,0.636,3,0,129.1,111,55,48,45,3,55,3.34,9,0,7,1,2,4,1.22,7.7,3.8,3.1,0.5,10.95,8,0.9,-0.1,1.9,18,0.53,0.506
u40,"Urban, Jack",29,R,1958,KCA,30,24,8,11,0.421,5,1,132,150,92,87,51,1,54,5.93,3,1,17,2,0,5,1.06,10.2,3.7,3.5,1.2,13.84,-26,-2.7,-0.1,-1.6,-16,0.411,0.483
u40,"Urban, Jack",30,R,1959,STL-NYY-min,24,11,3,8,0.273,1,,83,88,43,40,30,1,42,4.34,,,7,3,0,3,1.4,9.5,4.6,3.3,0.8,13.12,,,,,,,
u40,"Urban, Jack",30,R,1959,STL,8,0,0,0,,0,0,10.2,18,11,11,7,4,4,9.28,3,0,1,0,0,0,0.57,15.2,3.4,5.9,0.8,22.06,-5,-0.5,0.1,-0.3,-4,0.436,0.497
u40,"Urban, Jack",31,R,1960,WSH-min,29,8,4,1,0.8,1,,102,105,59,46,47,6,46,4.06,,,8,0,0,3,0.98,9.3,4.1,4.1,0.7,13.41,,,,,,,
u42,"Urbani, Tom",22,L,1990,STL-min,14,14,4,7,0.364,0,0,74.2,76,61,36,30,1,57,4.34,0,0,6,4,0,5,1.9,9.2,6.9,3.6,0.7,13.34,,,,,,,
u42,"Urbani, Tom",23,L,1991,STL-min,27,27,11,9,0.55,2,0,166.1,154,59,42,31,0,106,2.27,0,0,4,4,2,4,3.42,8.3,5.7,1.7,0.2,10.24,,,,,,,
u42,"Urbani, Tom",24,L,1992,STL-min,26,26,8,11,0.421,2,0,154,140,73,60,52,2,87,3.51,0,0,12,9,1,6,1.67,8.2,5.1,3,0.7,11.75,,,,,,,
u42,"Urbani, Tom",25,L,1993,STL-min,18,13,9,5,0.643,0,1,94.2,86,29,26,23,1,65,2.47,2,1,4,2,0,2,2.83,8.2,6.2,2.2,0.4,10.61,,,,,,,
u42,"Urbani, Tom",25,L,1993,STL,18,9,1,3,0.25,0,0,62,73,44,32,26,2,33,4.65,2,0,4,0,1,1,1.27,10.6,4.8,3.8,0.6,14.37,-13,-1.3,0,-0.7,-7,0.429,0.492
u42,"Urbani, Tom",26,L,1994,STL-min,7,7,4,2,0.667,0,0,43.2,51,31,28,11,0,42,5.77,0,0,6,4,0,4,3.82,10.5,8.7,2.3,1.2,13.75,,,,,,,
u42,"Urbani, Tom",26,L,1994,STL,20,10,3,7,0.3,0,0,80.1,98,48,46,21,0,43,5.15,2,0,12,3,1,4,2.05,11,4.8,2.4,1.3,13.71,-12,-1.1,0,-0.5,-4,0.444,0.493
u42,"Urbani, Tom",27,L,1995,STL-min,2,2,1,1,0.5,0,0,15.1,16,6,5,5,0,11,2.93,0,0,0,0,0,0,2.2,9.4,6.5,2.9,0,12.52,,,,,,,
u42,"Urbani, Tom",27,L,1995,STL,24,13,3,5,0.375,0,0,82.2,99,40,34,21,4,52,3.7,2,0,11,2,0,5,2.48,10.8,5.7,2.3,1.2,13.36,0,0,-0.1,0.6,8,0.499,0.5
u42,"Urbani, Tom",28,L,1996,STL-DET-min,11,10,2,5,0.286,0,0,58,58,34,26,19,0,36,4.03,0,0,7,2,0,3,1.89,9,5.6,2.9,1.1,12.26,,,,,,,
u42,"Urbani, Tom",28,L,1996,DET,19,4,3,2,0.6,0,0,35.1,46,32,32,18,0,21,8.15,3,0,11,2,0,3,1.17,11.7,5.3,4.6,2.8,16.92,-6,-0.6,0,-0.3,-4,0.449,0.497
u42,"Urbani, Tom",29,L,1997,TEX-MON-min,51,4,6,3,0.667,0,1,84.1,90,34,32,25,1,46,3.42,11,1,9,0,0,1,1.84,9.6,4.9,2.7,1,12.31,,,,,,,
u42,"Urbani, Tom",30,L,1998,STL-min,15,14,4,6,0.4,0,0,91.2,108,49,42,21,0,51,4.12,1,0,11,2,1,3,2.43,10.6,5,2.1,1.1,12.93,,,,,,,
u44,"Urbina, Ugueth",17,R,1991,MON-min,10,10,3,3,0.5,3,0,63,58,24,16,10,0,51,2.29,0,0,2,4,3,2,5.1,8.3,7.3,1.4,0.3,10.29,,,,,,,
u44,"Urbina, Ugueth",18,R,1992,MON-min,24,24,7,13,0.35,5,0,142.1,111,68,51,54,0,100,3.22,0,0,14,4,4,4,1.85,7,6.3,3.4,0.9,10.7,,,,,,,
u44,"Urbina, Ugueth",19,R,1993,MON-min,27,27,14,6,0.7,7,0,178.1,144,62,55,68,2,152,2.78,0,0,12,12,6,7,2.24,7.3,7.7,3.4,0.6,11.32,,,,,,,
u44,"Urbina, Ugueth",20,R,1994,MON-min,21,21,9,3,0.75,0,0,120.2,96,49,44,43,0,86,3.28,0,0,11,3,1,6,2,7.2,6.4,3.2,0.8,10.63,,,,,,,
u44,"Urbina, Ugueth",21,R,1995,MON-min,15,13,7,2,0.778,2,0,77,50,26,23,27,0,66,2.69,0,0,1,2,0,1,2.44,5.8,7.7,3.2,0.1,9.23,,,,,,,
u44,"Urbina, Ugueth",21,R,1995,MON,7,4,2,2,0.5,0,0,23.1,26,17,16,14,1,15,6.17,0,0,6,0,0,2,1.07,10,5.8,5.4,2.3,15.58,-5,-0.4,0,-0.3,-2,0.437,0.497
u44,"Urbina, Ugueth",22,R,1996,MON-min,8,8,3,1,0.75,0,0,37.2,30,12,9,9,0,49,2.15,0,0,2,3,0,0,5.44,7.2,11.7,2.2,0.5,10.16,,,,,,,
u44,"Urbina, Ugueth",22,R,1996,MON,33,17,10,5,0.667,0,0,114,102,54,47,44,4,108,3.71,2,0,18,1,1,3,2.45,8.1,8.5,3.5,1.4,11.61,9,0.9,-0.1,1.8,18,0.528,0.506
u44,"Urbina, Ugueth",23,R,1997,MON,63,0,5,8,0.385,0,27,64.1,52,29,27,29,2,84,3.78,50,27,9,1,0,2,2.9,7.3,11.8,4.1,1.3,11.51,1,0.1,-0.1,0.6,6,0.501,0.501
u44,"Urbina, Ugueth",24,R,1998,MON,64,0,6,3,0.667,0,34,69.1,37,11,10,33,2,94,1.3,59,34,2,0,2,3,2.85,4.8,12.2,4.3,0.3,9.12,21,2.2,0.4,3.2,27,0.534,0.513
u44,"Urbina, Ugueth",25,R,1999,MON,71,0,6,6,0.5,0,41,75.2,59,35,31,36,6,100,3.69,62,41,6,0,0,6,2.78,7,11.9,4.3,0.7,11.37,6,0.5,0.1,1.3,13,0.508,0.503
u44,"Urbina, Ugueth",26,R,2000,MON,13,0,0,1,0,0,8,13.1,11,6,6,5,0,22,4.05,11,8,1,0,0,1,4.4,7.4,14.9,3.4,0.7,10.99,1,0.1,0,0.3,3,0.509,0.501
u44,"Urbina, Ugueth",27,R,2001,BOS,64,0,2,2,0.5,0,24,66.2,58,29,27,24,1,89,3.65,53,24,9,0,1,2,3.71,7.8,12,3.2,1.2,11.15,2,0.2,-0.1,0.4,6,0.509,0.502
u44,"Urbina, Ugueth",28,R,2002,BOS,61,0,1,6,0.143,0,40,60,44,21,20,20,5,71,3,55,40,8,0,1,3,3.55,6.6,10.7,3,1.2,9.6,7,0.7,0.1,1.4,14,0.511,0.504
u44,"Urbina, Ugueth",29,R,2003,FLA,72,0,3,4,0.429,0,32,77,56,25,24,31,2,78,2.81,48,32,8,0,1,4,2.52,6.5,9.1,3.6,0.9,10.17,7,0.7,0.2,1.2,10,0.522,0.504
u44,"Urbina, Ugueth",30,R,2004,DET-min,2,0,0,0,,0,0,2,3,3,0,0,0,1,0,0,0,0,0,0,0,,13.5,4.5,0,0,13.5,,,,,,,
u44,"Urbina, Ugueth",30,R,2004,DET,54,0,4,6,0.4,0,21,54,38,28,27,32,3,56,4.5,46,21,7,3,0,2,1.75,6.3,9.3,5.3,1.2,12.17,-1,-0.1,-0.1,0.4,6,0.498,0.499
u44,"Urbina, Ugueth",31,R,2005,PHI,81,0,5,6,0.455,0,10,79.2,56,34,32,39,4,97,3.62,22,10,12,1,0,1,2.49,6.3,11,4.4,1.4,10.91,0,0,-0.1,0.3,3,0.502,0.5
u44,"Urbina, Ugueth",39,R,2013,CCS-min,10,0,0,0,,0,0,7,5,5,3,8,0,6,3.86,1,0,1,0,0,0,0.75,6.4,7.7,10.3,1.3,16.71,,,,,,,
u45,"Urdaneta, Lino",19,R,1999,LAD-min,27,5,5,4,0.556,0,0,67,74,42,36,20,1,43,4.84,6,0,10,6,3,3,2.15,9.9,5.8,2.7,1.3,13.43,,,,,,,
u45,"Urdaneta, Lino",20,R,2000,LAD-min,27,5,5,4,0.556,0,1,78,103,60,47,24,1,40,5.42,7,1,7,3,0,6,1.67,11.9,4.6,2.8,0.8,15,,,,,,,
u45,"Urdaneta, Lino",21,R,2001,LAD-min,10,4,1,2,0.333,0,0,23.2,31,23,20,11,0,16,7.61,3,0,7,3,0,2,1.45,11.8,6.1,4.2,2.7,17.46,,,,,,,
u45,"Urdaneta, Lino",22,R,2002,LAD-min,53,0,2,2,0.5,0,32,53.1,42,15,14,18,3,31,2.36,50,32,3,2,0,3,1.72,7.1,5.2,3,0.5,10.51,,,,,,,
u45,"Urdaneta, Lino",23,R,2003,LAD-min,44,0,0,8,0,0,6,65,68,37,31,24,5,42,4.29,25,6,4,3,0,0,1.75,9.4,5.8,3.3,0.6,13.15,,,,,,,
u45,"Urdaneta, Lino",24,R,2004,DET-min,11,3,0,4,0,0,0,15.1,27,17,17,3,0,4,9.98,0,0,4,1,0,0,1.33,15.8,2.3,1.8,2.3,18.48,,,,,,,
u45,"Urdaneta, Lino",24,R,2004,DET,1,0,0,0,,0,0,0,5,6,6,1,0,0,inf,0,0,0,0,0,0,0,,,,,,,,0,,,,
u45,"Urdaneta, Lino",25,R,2005,NYM-min,36,0,4,3,0.571,0,13,45,46,21,17,14,5,27,3.4,31,13,2,2,0,4,1.93,9.2,5.4,2.8,0.4,12.4,,,,,,,
u45,"Urdaneta, Lino",26,R,2006,NYM-min,29,0,0,2,0,0,0,31,40,21,16,10,5,15,4.65,6,0,0,4,0,4,1.5,11.6,4.4,2.9,0,15.68,,,,,,,
u45,"Urdaneta, Lino",27,R,2007,NYM-min,44,0,3,2,0.6,0,10,55.2,71,41,35,14,2,20,5.66,24,10,5,5,0,1,1.43,11.5,3.2,2.3,0.8,14.67,,,,,,,
u45,"Urdaneta, Lino",27,R,2007,NYM,2,0,0,0,,0,0,1,2,1,1,0,0,0,9,0,0,1,0,0,0,,18,0,0,9,18,-1,-0.1,0,0,0,0.473,0.5
u45,"Urdaneta, Lino",28,R,2008,None-min,30,0,1,1,0.5,0,1,29.2,42,17,17,7,0,17,5.16,10,1,3,0,0,3,2.43,12.7,5.2,2.1,0.9,15.1,,,,,,,
u45,"Urdaneta, Lino",29,R,2009,ORN-min,4,0,0,0,,0,0,2.2,5,3,3,1,0,1,10.12,2,0,1,0,0,0,1,16.9,3.4,3.4,3.4,24.55,,,,,,,
u45,"Urdaneta, Lino",30,R,2010,MGL-min,28,0,2,4,0.333,0,0,30.2,29,20,19,10,1,10,5.58,3,0,4,0,0,3,1,8.5,2.9,2.9,1.2,11.62,,,,,,,
u45,"Urdaneta, Lino",31,R,2011,MGL-min,24,0,3,1,0.75,0,0,24.1,24,9,7,5,1,10,2.59,3,0,2,1,0,2,2,8.9,3.7,1.8,0.7,11.2,,,,,,,
u45,"Urdaneta, Lino",32,R,2012,LRA-min,20,0,0,1,0,0,1,13.1,23,17,11,3,0,4,7.42,6,1,3,1,0,0,1.33,15.5,2.7,2,2,18.55,,,,,,,
u45,"Urdaneta, Lino",33,R,2013,LRA-min,15,0,2,0,1,0,0,17.1,18,5,5,5,0,10,2.6,6,0,2,0,0,1,2,9.3,5.2,2.6,1,12.11,,,,,,,
u46,"Urena, José",17,R,2009,FLA-min,14,2,3,3,0.5,0,2,26.2,36,22,20,11,2,15,6.75,5,2,0,1,1,2,1.36,12.2,5.1,3.7,0,16.49,,,,,,,
u46,"Urena, José",18,R,2010,FLA-min,13,13,5,6,0.455,3,0,82.2,76,32,24,7,0,66,2.61,0,0,2,6,0,5,9.43,8.3,7.2,0.8,0.2,9.74,,,,,,,
u46,"Urena, José",19,R,2011,FLA-min,15,15,4,7,0.364,0,0,72.2,74,38,35,29,0,48,4.33,0,0,4,3,2,1,1.66,9.2,5.9,3.6,0.5,13.21,,,,,,,
u46,"Urena, José",20,R,2012,MIA-min,27,22,9,6,0.6,1,2,138.1,143,67,52,29,0,101,3.38,4,2,13,1,2,7,3.48,9.3,6.6,1.9,0.8,11.27,,,,,,,
u46,"Urena, José",21,R,2013,MIA-min,27,26,10,7,0.588,0,0,149.2,148,69,62,29,0,107,3.73,0,0,8,6,0,3,3.69,8.9,6.4,1.7,0.5,11.04,,,,,,,
u46,"Urena, José",22,R,2014,MIA-min,26,25,13,8,0.619,0,0,162,155,65,60,29,1,121,3.33,0,0,14,2,0,4,4.17,8.6,6.7,1.6,0.8,10.33,,,,,,,
u46,"Urena, José",23,R,2015,MIA-min,1,1,1,0,1,0,0,6,6,1,1,1,0,5,1.5,0,0,0,1,0,0,5,9,7.5,1.5,0,12,,,,,,,
u46,"Urena, José",23,R,2015,MIA,2,0,0,0,,0,0,3,4,3,3,0,0,0,9,1,0,1,0,0,0,,12,0,0,3,12,-2,-0.2,0.1,-0.1,-2,0.399,0.499
u49,"Urrea, John",19,R,1974,STL-min,7,4,2,1,0.667,1,0,28,23,5,4,8,0,15,1.29,,0,0,3,0,1,1.88,7.4,4.8,2.6,0,10.93,,,,,,,
u49,"Urrea, John",20,R,1975,STL-min,23,22,14,8,0.636,11,0,175,138,61,41,60,1,108,2.11,,0,1,4,3,7,1.8,7.1,5.6,3.1,0.1,10.39,,,,,,,
u49,"Urrea, John",21,R,1976,STL-min,24,24,11,8,0.579,5,0,151,167,71,63,45,3,113,3.75,,0,8,3,1,3,2.51,10,6.7,2.7,0.5,12.81,,,,,,,
u49,"Urrea, John",22,R,1977,STL,41,12,7,6,0.538,2,4,139.2,126,56,49,35,3,81,3.16,15,4,13,0,1,5,2.31,8.1,5.2,2.3,0.8,10.41,5,0.5,-0.2,1.5,17,0.512,0.503
u49,"Urrea, John",23,R,1978,STL-min,14,5,2,1,0.667,0,1,45,48,32,29,22,0,39,5.8,,1,6,0,0,3,1.77,9.6,7.8,4.4,1.2,14,,,,,,,
u49,"Urrea, John",23,R,1978,STL,27,12,4,9,0.308,1,0,98.2,108,75,59,47,4,61,5.38,3,0,4,7,1,5,1.3,9.9,5.6,4.3,0.4,14.85,-32,-3.2,0,-2.3,-23,0.381,0.48
u49,"Urrea, John",24,R,1979,STL-min,20,17,8,5,0.615,3,2,128,115,60,50,58,5,64,3.52,,2,8,6,1,9,1.1,8.1,4.5,4.1,0.6,12.59,,,,,,,
u49,"Urrea, John",24,R,1979,STL,3,2,0,0,,0,0,11.1,13,7,5,9,0,5,3.97,0,0,0,0,0,1,0.56,10.3,4,7.1,0,17.84,-2,-0.2,-0.1,-0.2,-1,0.419,0.498
u49,"Urrea, John",25,R,1980,STL-min,14,14,5,4,0.556,3,0,92,77,47,36,42,0,44,3.52,,0,4,7,0,3,1.05,7.5,4.3,4.1,0.4,12.33,,,,,,,
u49,"Urrea, John",25,R,1980,STL,30,1,4,1,0.8,0,3,64.2,57,28,25,41,9,36,3.48,8,3,2,2,2,3,0.88,7.9,5,5.7,0.3,14.02,-1,-0.2,-0.1,0.3,4,0.495,0.499
u49,"Urrea, John",26,R,1981,SDP,38,0,2,2,0.5,0,2,49,43,14,13,28,0,19,2.39,16,2,1,3,0,4,0.68,7.9,3.5,5.1,0.2,13.59,6,0.6,0,1.1,10,0.517,0.504
